[
  {
    "origin": [
      "http://localhost:3000",
      "https://localhost:3000",
      "http://127.0.0.1:3000",
      "https://127.0.0.1:3000",
      "https://brainhackingacademy.com",
      "https://www.brainhackingacademy.com",
      "https://brain-hacking-academy.vercel.app",
      "https://brainhackingacademy.vercel.app"
    ],
    "method": ["GET", "PUT", "HEAD", "OPTIONS", "POST"],
    "responseHeader": [
      "Content-Type",
      "Content-Length",
      "Content-Range",
      "Accept-Ranges",
      "x-goog-resumable",
      "x-goog-upload-command",
      "x-goog-upload-status",
      "x-goog-upload-url",
      "x-goog-upload-chunk-granularity",
      "x-goog-upload-control-url",
      "x-goog-upload-protocol",
      "x-goog-upload-status-code",
      "x-goog-upload-url",
      "x-goog-hash",
      "x-goog-generation",
      "x-goog-metageneration"
    ],
    "maxAgeSeconds": 3600
  },
  {
    "origin": ["*"],
    "method": ["GET", "HEAD"],
    "responseHeader": [
      "Content-Type",
      "Content-Length",
      "Content-Range",
      "Accept-Ranges"
    ],
    "maxAgeSeconds": 3600
  }
]

