[
  {
    "origin": ["http://localhost:3000", "https://localhost:3000"],
    "method": ["GET", "PUT", "HEAD", "POST"],
    "responseHeader": [
      "Content-Type",
      "Content-Length",
      "x-goog-resumable",
      "x-goog-upload-command",
      "x-goog-upload-status",
      "x-goog-upload-url"
    ],
    "maxAgeSeconds": 3600
  },
  {
    "origin": ["*"],
    "method": ["GET", "HEAD"],
    "responseHeader": ["Content-Type", "Content-Length"],
    "maxAgeSeconds": 3600
  }
]



